"properties/province","properties/district","properties/sub_district","properties/village","properties/area_sawah","properties/product","","",""
"JAWA TIMUR","MALANG","AMPELGADING","ARGOYUWONO","0","0","","",""
"JAWA TIMUR","MALANG","AMPELGADING","LEBAKHARJO","348.0","1,440.7","","",""
"JAWA TIMUR","MALANG","AMPELGADING","MULYOASRI","0","0","","",""
"JAWA TIMUR","MALANG","AMPELGADING","PURWOHARJO","20.0","82.8","","",""
"JAWA TIMUR","MALANG","AMPELGADING","SIDORENGGO","0","0","","",""
"JAWA TIMUR","MALANG","AMPELGADING","SIMOJAYAN","0","0","","",""
"JAWA TIMUR","MALANG","AMPELGADING","SONOWANGI","27.0","111.8","","",""
"JAWA TIMUR","MALANG","AMPELGADING","TAMANASRI","0","0","","",""
"JAWA TIMUR","MALANG","AMPELGADING","TAMANSARI","0","0","","",""
"JAWA TIMUR","MALANG","AMPELGADING","TAWANGAGUNG","0","0","","",""
"JAWA TIMUR","MALANG","AMPELGADING","TIRTOMARTO","5.0","20.7","","",""
"JAWA TIMUR","MALANG","AMPELGADING","TIRTOMOYO","0","0","","",""
"JAWA TIMUR","MALANG","AMPELGADING","WIROTAMAN","7.0","29.0","","",""
"JAWA TIMUR","MALANG","BANTUR","BANDUNGREJO","172.0","712.1","","",""
"JAWA TIMUR","MALANG","BANTUR","BANTUR","401.0","1,660.1","","",""
"JAWA TIMUR","MALANG","BANTUR","KARANGSARI","10.0","41.4","","",""
"JAWA TIMUR","MALANG","BANTUR","PRINGGONDANI","68.0","281.5","","",""
"JAWA TIMUR","MALANG","BANTUR","REJOSARI","46.0","190.4","","",""
"JAWA TIMUR","MALANG","BANTUR","REJOYOSO","65.2","269.9","","",""
"JAWA TIMUR","MALANG","BANTUR","SRIGONCO","201.0","832.1","","",""
"JAWA TIMUR","MALANG","BANTUR","SUMBERBENING","210.0","869.4","","",""
"JAWA TIMUR","MALANG","BANTUR","WONOKERTO","85.0","351.9","","",""
"JAWA TIMUR","MALANG","BANTUR","WONOREJO","156.0","645.8","","",""
"JAWA TIMUR","MALANG","DAMPIT","AMANDANOM","99.0","409.9","","",""
"JAWA TIMUR","MALANG","DAMPIT","SUMBERSUKO","20.0","82.8","","",""
"JAWA TIMUR","MALANG","DAMPIT","SUKODONO","0","0","","",""
"JAWA TIMUR","MALANG","DAMPIT","SRIMULYO","0","0","","",""
"JAWA TIMUR","MALANG","DAMPIT","REMBUN","138.0","571.3","","",""
"JAWA TIMUR","MALANG","DAMPIT","POJOK","147.0","608.6","","",""
"JAWA TIMUR","MALANG","DAMPIT","PAMOTAN","357.0","1,478.0","","",""
"JAWA TIMUR","MALANG","DAMPIT","MAJANGTENGAH","164.0","679.0","","",""
"JAWA TIMUR","MALANG","DAMPIT","KELURAHAN DAMPIT","112.0","463.7","","",""
"JAWA TIMUR","MALANG","DAMPIT","JAMBANGAN","192.0","794.9","","",""
"JAWA TIMUR","MALANG","DAMPIT","BUMIREJO","70.0","289.8","","",""
"JAWA TIMUR","MALANG","DAMPIT","BATURETNO","0","0","","",""
"JAWA TIMUR","MALANG","DAU","GADINGKULON","105.0","434.7","","",""
"JAWA TIMUR","MALANG","DAU","KALISONGO","14.0","58.0","","",""
"JAWA TIMUR","MALANG","DAU","KARANGWIDORO","38.0","157.3","","",""
"JAWA TIMUR","MALANG","DAU","KUCUR","0","0","","",""
"JAWA TIMUR","MALANG","DAU","LANDUNGSARI","55.0","227.7","","",""
"JAWA TIMUR","MALANG","DAU","MULYOAGUNG","45.0","186.3","","",""
"JAWA TIMUR","MALANG","DAU","PETUNGSEWU","30.0","124.2","","",""
"JAWA TIMUR","MALANG","DAU","SELOREJO","43.0","178.0","","",""
"JAWA TIMUR","MALANG","DAU","SUMBERSEKAR","85.0","351.9","","",""
"JAWA TIMUR","MALANG","DAU","TEGALWERU","33.0","136.6","","",""
"JAWA TIMUR","MALANG","DONOMULYO","BANJAREJO","180.0","745.2","","",""
"JAWA TIMUR","MALANG","DONOMULYO","DONOMULYO","412.3","1,706.9","","",""
"JAWA TIMUR","MALANG","DONOMULYO","KEDUNGSALAM","135.0","558.9","","",""
"JAWA TIMUR","MALANG","DONOMULYO","MENTARAMAN","167.7","694.3","","",""
"JAWA TIMUR","MALANG","DONOMULYO","PURWODADI","140.0","579.6","","",""
"JAWA TIMUR","MALANG","DONOMULYO","PURWOREJO","170.0","703.8","","",""
"JAWA TIMUR","MALANG","DONOMULYO","SUMBEROTO","150.0","621.0","","",""
"JAWA TIMUR","MALANG","DONOMULYO","TEMPURSARI","251.0","1,039.1","","",""
"JAWA TIMUR","MALANG","DONOMULYO","TLOGOSARI","116.0","480.2","","",""
"JAWA TIMUR","MALANG","GEDANGAN","GAJAHREJO","132.0","546.5","","",""
"JAWA TIMUR","MALANG","GEDANGAN","GEDANGAN","129.0","534.1","","",""
"JAWA TIMUR","MALANG","GEDANGAN","GIRIMOYO","77.0","318.8","","",""
"JAWA TIMUR","MALANG","GEDANGAN","SEGARAN","38.0","157.3","","",""
"JAWA TIMUR","MALANG","GEDANGAN","SIDODADI","214.0","886.0","","",""
"JAWA TIMUR","MALANG","GEDANGAN","SINDUREJO","56.0","231.8","","",""
"JAWA TIMUR","MALANG","GEDANGAN","SUMBEREJO","78.0","322.9","","",""
"JAWA TIMUR","MALANG","GEDANGAN","TUMPAKREJO","37.0","153.2","","",""
"JAWA TIMUR","MALANG","GONDANGLEGI","BULUPITU","244.0","1,010.2","","",""
"JAWA TIMUR","MALANG","GONDANGLEGI","GANJARAN","450.0","1,863.0","","",""
"JAWA TIMUR","MALANG","GONDANGLEGI","GONDANGLEGI KULON","440.0","1,821.6","","",""
"JAWA TIMUR","MALANG","GONDANGLEGI","GONDANGLEGI WETAN","36.7","151.9","","",""
"JAWA TIMUR","MALANG","GONDANGLEGI","KETAWANG","133.0","550.6","","",""
"JAWA TIMUR","MALANG","GONDANGLEGI","PANGGUNGREJO","109.0","451.3","","",""
"JAWA TIMUR","MALANG","GONDANGLEGI","PUTAT KIDUL","152.0","629.3","","",""
"JAWA TIMUR","MALANG","GONDANGLEGI","PUTAT LOR","288.7","1,195.2","","",""
"JAWA TIMUR","MALANG","GONDANGLEGI","PUTUKREJO","350.0","1,449.0","","",""
"JAWA TIMUR","MALANG","GONDANGLEGI","SEPANJANG","350.0","1,449.0","","",""
"JAWA TIMUR","MALANG","GONDANGLEGI","SUKOREJO","127.0","525.8","","",""
"JAWA TIMUR","MALANG","GONDANGLEGI","SUKOSARI","155.3","643.1","","",""
"JAWA TIMUR","MALANG","GONDANGLEGI","SUMBERJAYA","120.0","496.8","","",""
"JAWA TIMUR","MALANG","GONDANGLEGI","UREK UREK","0","0","","",""
"JAWA TIMUR","MALANG","JABUNG","ARGOSARI","107.0","443.0","","",""
"JAWA TIMUR","MALANG","JABUNG","GADINGKEMBAR","129.0","534.1","","",""
"JAWA TIMUR","MALANG","JABUNG","GUNUNGJATI","0","0","","",""
"JAWA TIMUR","MALANG","JABUNG","JABUNG","44.0","182.2","","",""
"JAWA TIMUR","MALANG","JABUNG","KEMANTREN","117.0","484.4","","",""
"JAWA TIMUR","MALANG","JABUNG","KEMIRI","9.0","37.3","","",""
"JAWA TIMUR","MALANG","JABUNG","KENONGO","61.0","252.5","","",""
"JAWA TIMUR","MALANG","JABUNG","NGADIREJO","0","0","","",""
"JAWA TIMUR","MALANG","JABUNG","PANDANSARI LOR","128.0","529.9","","",""
"JAWA TIMUR","MALANG","JABUNG","SIDOMULYO","142.0","587.9","","",""
"JAWA TIMUR","MALANG","JABUNG","SIDOREJO","106.0","438.8","","",""
"JAWA TIMUR","MALANG","JABUNG","SLAMPAREJO","59.0","244.3","","",""
"JAWA TIMUR","MALANG","JABUNG","SUKOLILO","108.0","447.1","","",""
"JAWA TIMUR","MALANG","JABUNG","SUKOPURO","155.0","641.7","","",""
"JAWA TIMUR","MALANG","JABUNG","TAJI","0","0","","",""
"JAWA TIMUR","MALANG","KALIPARE","ARJOSARI","0","0","","",""
"JAWA TIMUR","MALANG","KALIPARE","ARJOWILANGUN","285.0","1,179.9","","",""
"JAWA TIMUR","MALANG","KALIPARE","KALIASRI","115.0","476.1","","",""
"JAWA TIMUR","MALANG","KALIPARE","KALIPARE","132.0","546.5","","",""
"JAWA TIMUR","MALANG","KALIPARE","KALIREJO","0","0","","",""
"JAWA TIMUR","MALANG","KALIPARE","PUTUKREJO","90.0","372.6","","",""
"JAWA TIMUR","MALANG","KALIPARE","SUKOWILANGUN","75.0","310.5","","",""
"JAWA TIMUR","MALANG","KALIPARE","SUMBERPETUNG","60.0","248.4","","",""
"JAWA TIMUR","MALANG","KALIPARE","TUMPAKREJO","80.0","331.2","","",""
"JAWA TIMUR","MALANG","KARANGPLOSO","AMPELDENTO","110.0","455.4","","",""
"JAWA TIMUR","MALANG","KARANGPLOSO","BOCEK","100.0","414.0","","",""
"JAWA TIMUR","MALANG","KARANGPLOSO","DONOWARIH","150.0","621.0","","",""
"JAWA TIMUR","MALANG","KARANGPLOSO","GIRIMOYO","25.0","103.5","","",""
"JAWA TIMUR","MALANG","KARANGPLOSO","KEPUHHARJO","115.0","476.1","","",""
"JAWA TIMUR","MALANG","KARANGPLOSO","NGENEP","180.0","745.2","","",""
"JAWA TIMUR","MALANG","KARANGPLOSO","NGIJO","140.0","579.6","","",""
"JAWA TIMUR","MALANG","KARANGPLOSO","TAWANGARGO","180.0","745.2","","",""
"JAWA TIMUR","MALANG","KARANGPLOSO","TEGALGONDO","133.0","550.6","","",""
"JAWA TIMUR","MALANG","KASEMBON","BAYEM","106.5","440.9","","",""
"JAWA TIMUR","MALANG","KASEMBON","KASEMBON","110.5","457.5","","",""
"JAWA TIMUR","MALANG","KASEMBON","PAIT","164.0","679.0","","",""
"JAWA TIMUR","MALANG","KASEMBON","PONDOKAGUNG","27.0","111.8","","",""
"JAWA TIMUR","MALANG","KASEMBON","SUKOSARI","220.0","910.8","","",""
"JAWA TIMUR","MALANG","KASEMBON","WONOAGUNG","79.0","327.1","","",""
"JAWA TIMUR","MALANG","KEPANJEN","ARDIREJO","73.0","302.2","","",""
"JAWA TIMUR","MALANG","KEPANJEN","CEPOKOMULYO","25.0","103.5","","",""
"JAWA TIMUR","MALANG","KEPANJEN","CURUNGREJO","145.0","600.3","","",""
"JAWA TIMUR","MALANG","KEPANJEN","DILEM","67.0","277.4","","",""
"JAWA TIMUR","MALANG","KEPANJEN","JATIREJOYOSO","256.0","1,059.8","","",""
"JAWA TIMUR","MALANG","KEPANJEN","JENGGOLO","215.0","890.1","","",""
"JAWA TIMUR","MALANG","KEPANJEN","KEDUNGPEDARINGAN","75.0","310.5","","",""
"JAWA TIMUR","MALANG","KEPANJEN","KEMIRI","136.0","563.0","","",""
"JAWA TIMUR","MALANG","KEPANJEN","KEPANJEN","39.0","161.5","","",""
"JAWA TIMUR","MALANG","KEPANJEN","MANGUNREJO","218.0","902.5","","",""
"JAWA TIMUR","MALANG","KEPANJEN","MOJOSARI","122.0","505.1","","",""
"JAWA TIMUR","MALANG","KEPANJEN","NGADILANGKUNG","101.0","418.1","","",""
"JAWA TIMUR","MALANG","KEPANJEN","PANARUKAN","98.0","405.7","","",""
"JAWA TIMUR","MALANG","KEPANJEN","PANGGUNGREJO","135.0","558.9","","",""
"JAWA TIMUR","MALANG","KEPANJEN","SENGGURUH","60.0","248.4","","",""
"JAWA TIMUR","MALANG","KEPANJEN","SUKORAHARJO","150.0","621.0","","",""
"JAWA TIMUR","MALANG","KEPANJEN","TEGALSARI","163.0","674.8","","",""
"JAWA TIMUR","MALANG","KEPANJEN","TALANGAGUNG","75.0","310.5","","",""
"JAWA TIMUR","MALANG","KROMENGAN","JAMBUWER","311.9","1,291.3","","",""
"JAWA TIMUR","MALANG","KROMENGAN","JATIKERTO","333.0","1,378.6","","",""
"JAWA TIMUR","MALANG","KROMENGAN","KARANGREJO","234.4","970.4","","",""
"JAWA TIMUR","MALANG","KROMENGAN","KROMENGAN","491.0","2,032.9","","",""
"JAWA TIMUR","MALANG","KROMENGAN","NGADIREJO","179.0","741.1","","",""
"JAWA TIMUR","MALANG","KROMENGAN","PENIWEN","233.1","964.9","","",""
"JAWA TIMUR","MALANG","KROMENGAN","SLOROK","178.0","736.9","","",""
"JAWA TIMUR","MALANG","LAWANG","BEDALI","75.0","310.5","","",""
"JAWA TIMUR","MALANG","LAWANG","KALIREJO","76.0","314.6","","",""
"JAWA TIMUR","MALANG","LAWANG","KETINDAN","20.0","82.8","","",""
"JAWA TIMUR","MALANG","LAWANG","LAWANG","0","0","","",""
"JAWA TIMUR","MALANG","LAWANG","MULYOARJO","98.0","405.7","","",""
"JAWA TIMUR","MALANG","LAWANG","SIDODADI","74.0","306.4","","",""
"JAWA TIMUR","MALANG","LAWANG","SIDOLUHUR","53.0","219.4","","",""
"JAWA TIMUR","MALANG","LAWANG","SRIGADING","23.0","95.2","","",""
"JAWA TIMUR","MALANG","LAWANG","SUMBERNGEPOH","123.0","509.2","","",""
"JAWA TIMUR","MALANG","LAWANG","SUMBERPORONG","76.0","314.6","","",""
"JAWA TIMUR","MALANG","LAWANG","TURIREJO","22.0","91.1","","",""
"JAWA TIMUR","MALANG","LAWANG","WONOREJO","0","0","","",""
"JAWA TIMUR","MALANG","NGAJUM","BABADAN","99.0","409.9","","",""
"JAWA TIMUR","MALANG","NGAJUM","BELESARI","48.0","198.7","","",""
"JAWA TIMUR","MALANG","NGAJUM","BANJARSARI","161.0","666.5","","",""
"JAWA TIMUR","MALANG","NGAJUM","KESAMBEN","151.0","625.1","","",""
"JAWA TIMUR","MALANG","NGAJUM","KRANGGAN","177.0","732.8","","",""
"JAWA TIMUR","MALANG","NGAJUM","MAGUAN","103.0","426.4","","",""
"JAWA TIMUR","MALANG","NGAJUM","NGAJUM","546.0","2,260.4","","",""
"JAWA TIMUR","MALANG","NGAJUM","NGASEM","285.0","1,179.9","","",""
"JAWA TIMUR","MALANG","NGAJUM","PALAAN","105.0","434.7","","",""
"JAWA TIMUR","MALANG","NGANTANG","BANJAREJO","89.0","368.5","","",""
"JAWA TIMUR","MALANG","NGANTANG","BANTUREJO","55.0","227.7","","",""
"JAWA TIMUR","MALANG","NGANTANG","JOMBOK","135.0","558.9","","",""
"JAWA TIMUR","MALANG","NGANTANG","KAUMREJO","48.0","198.7","","",""
"JAWA TIMUR","MALANG","NGANTANG","MULYOREJO","102.0","422.3","","",""
"JAWA TIMUR","MALANG","NGANTANG","NGANTRU","124.0","513.4","","",""
"JAWA TIMUR","MALANG","NGANTANG","PAGERSARI","54.0","223.6","","",""
"JAWA TIMUR","MALANG","NGANTANG","PANDANSARI","84.0","347.8","","",""
"JAWA TIMUR","MALANG","NGANTANG","PURWOREJO","97.0","401.6","","",""
"JAWA TIMUR","MALANG","NGANTANG","SIDODADI","124.0","513.4","","",""
"JAWA TIMUR","MALANG","NGANTANG","SUMBERAGUNG","107.0","443.0","","",""
"JAWA TIMUR","MALANG","NGANTANG","TULUNGREJO","112.0","463.7","","",""
"JAWA TIMUR","MALANG","NGANTANG","WATUREJO","96.5","399.5","","",""
"JAWA TIMUR","MALANG","PAGAK","GAMPINGAN","9.0","37.3","","",""
"JAWA TIMUR","MALANG","PAGAK","PAGAK","17.0","70.4","","",""
"JAWA TIMUR","MALANG","PAGAK","PANDANREJO","112.0","463.7","","",""
"JAWA TIMUR","MALANG","PAGAK","SEMPOL","80.0","331.2","","",""
"JAWA TIMUR","MALANG","PAGAK","SUMBEREJO","10.0","41.4","","",""
"JAWA TIMUR","MALANG","PAGAK","SUMBERKERTO","0","0","","",""
"JAWA TIMUR","MALANG","PAGAK","SUMBERMANJING KULON","267.0","1,105.4","","",""
"JAWA TIMUR","MALANG","PAGAK","TLOGOREJO","35.0","144.9","","",""
"JAWA TIMUR","MALANG","PAGELARAN","BALEARJO","138.0","571.3","","",""
"JAWA TIMUR","MALANG","PAGELARAN","BANJAREJO","283.0","1,171.6","","",""
"JAWA TIMUR","MALANG","PAGELARAN","BRONGKAL","320.0","1,324.8","","",""
"JAWA TIMUR","MALANG","PAGELARAN","CLUMPRIT","279.0","1,155.1","","",""
"JAWA TIMUR","MALANG","PAGELARAN","KADEMANGAN","377.0","1,560.8","","",""
"JAWA TIMUR","MALANG","PAGELARAN","KANIGORO","511.0","2,115.5","","",""
"JAWA TIMUR","MALANG","PAGELARAN","KARANGSUKO","292.0","1,208.9","","",""
"JAWA TIMUR","MALANG","PAGELARAN","PAGELARAN","248.0","1,026.7","","",""
"JAWA TIMUR","MALANG","PAGELARAN","SIDOREJO","125.0","517.5","","",""
"JAWA TIMUR","MALANG","PAGELARAN","SUWARU","77.0","318.8","","",""
"JAWA TIMUR","MALANG","PAKIS","AMPELDENTO","149.0","616.9","","",""
"JAWA TIMUR","MALANG","PAKIS","ASRIKATON","159.0","658.3","","",""
"JAWA TIMUR","MALANG","PAKIS","BANJAREJO","245.0","1,014.3","","",""
"JAWA TIMUR","MALANG","PAKIS","BUNUTWETAN","89.0","368.5","","",""
"JAWA TIMUR","MALANG","PAKIS","KEDUNGREJO","66.0","273.2","","",""
"JAWA TIMUR","MALANG","PAKIS","MANGLIAWAN","83.0","343.6","","",""
"JAWA TIMUR","MALANG","PAKIS","PAKIS JAJAR","63.0","260.8","","",""
"JAWA TIMUR","MALANG","PAKIS","PAKIS KEMBAR","157.0","650.0","","",""
"JAWA TIMUR","MALANG","PAKIS","PUCANGSONGO","172.0","712.1","","",""
"JAWA TIMUR","MALANG","PAKIS","SAPTORENGGO","71.0","293.9","","",""
"JAWA TIMUR","MALANG","PAKIS","SEKARPURO","75.0","310.5","","",""
"JAWA TIMUR","MALANG","PAKIS","SUKOANYAR","247.0","1,022.6","","",""
"JAWA TIMUR","MALANG","PAKIS","SUMBERKRADENAN","144.0","596.2","","",""
"JAWA TIMUR","MALANG","PAKIS","SUMBERPASIR","235.8","976.1","","",""
"JAWA TIMUR","MALANG","PAKIS","TIRTOMOYO","0","0","","",""
"JAWA TIMUR","MALANG","PAKISAJI","GELANGGANG","130.6","540.8","","",""
"JAWA TIMUR","MALANG","PAKISAJI","GENENGAN","94.5","391.2","","",""
"JAWA TIMUR","MALANG","PAKISAJI","JATISARI","96.0","397.4","","",""
"JAWA TIMUR","MALANG","PAKISAJI","KARANGDUREN","181.5","751.4","","",""
"JAWA TIMUR","MALANG","PAKISAJI","KARANGPANDAN","153.0","633.4","","",""
"JAWA TIMUR","MALANG","PAKISAJI","KEBONAGUNG","219.0","906.7","","",""
"JAWA TIMUR","MALANG","PAKISAJI","KENDALPAYAK","192.1","795.3","","",""
"JAWA TIMUR","MALANG","PAKISAJI","PAKISAJI","85.0","351.9","","",""
"JAWA TIMUR","MALANG","PAKISAJI","PERMANU","130.1","538.7","","",""
"JAWA TIMUR","MALANG","PAKISAJI","SUTOJAYAN","189.0","782.5","","",""
"JAWA TIMUR","MALANG","PAKISAJI","WADUNG","155.0","641.7","","",""
"JAWA TIMUR","MALANG","PAKISAJI","WONOKERSO","163.8","677.9","","",""
"JAWA TIMUR","MALANG","PONCOKUSUMO","ARGOSUKO","196.0","811.4","","",""
"JAWA TIMUR","MALANG","PONCOKUSUMO","BELUNG","143.0","592.0","","",""
"JAWA TIMUR","MALANG","PONCOKUSUMO","DAWUHAN","93.5","387.1","","",""
"JAWA TIMUR","MALANG","PONCOKUSUMO","GUBUGKLAKAH","0","0","","",""
"JAWA TIMUR","MALANG","PONCOKUSUMO","JAMBESARI","178.0","736.9","","",""
"JAWA TIMUR","MALANG","PONCOKUSUMO","KARANGANYAR","147.0","608.6","","",""
"JAWA TIMUR","MALANG","PONCOKUSUMO","KARANGNONGKO","164.8","682.1","","",""
"JAWA TIMUR","MALANG","PONCOKUSUMO","NGADAS","0","0","","",""
"JAWA TIMUR","MALANG","PONCOKUSUMO","NGADIRESO","81.0","335.3","","",""
"JAWA TIMUR","MALANG","PONCOKUSUMO","NGEBRUK","176.0","728.6","","",""
"JAWA TIMUR","MALANG","PONCOKUSUMO","PAJARAN","152.2","630.1","","",""
"JAWA TIMUR","MALANG","PONCOKUSUMO","PANDANSARI","0","0","","",""
"JAWA TIMUR","MALANG","PONCOKUSUMO","PONCOKUSUMO","0","0","","",""
"JAWA TIMUR","MALANG","PONCOKUSUMO","SUMBEREJO","3.0","12.4","","",""
"JAWA TIMUR","MALANG","PONCOKUSUMO","WONOMULYO","110.0","455.4","","",""
"JAWA TIMUR","MALANG","PONCOKUSUMO","WONOREJO","65.0","269.1","","",""
"JAWA TIMUR","MALANG","PONCOKUSUMO","WRINGINANOM","0","0","","",""
"JAWA TIMUR","MALANG","PUJON","BENDOSARI","23.1","95.7","","",""
"JAWA TIMUR","MALANG","PUJON","MADIREDO","157.0","650.0","","",""
"JAWA TIMUR","MALANG","PUJON","NGABAB","92.5","383.0","","",""
"JAWA TIMUR","MALANG","PUJON","NGROTO","133.9","554.4","","",""
"JAWA TIMUR","MALANG","PUJON","PANDESARI","96.9","401.0","","",""
"JAWA TIMUR","MALANG","PUJON","PUJONKIDUL","116.8","483.6","","",""
"JAWA TIMUR","MALANG","PUJON","PUJONLOR","22.5","93.2","","",""
"JAWA TIMUR","MALANG","PUJON","SUKOMULYO","89.9","372.2","","",""
"JAWA TIMUR","MALANG","PUJON","TAWANGSARI","147.0","608.6","","",""
"JAWA TIMUR","MALANG","PUJON","WIYUREJO","195.5","809.4","","",""
"JAWA TIMUR","MALANG","SINGOSARI","ARDIMULYO","57.0","236.0","","",""
"JAWA TIMUR","MALANG","SINGOSARI","BANJARARUM","84.0","347.8","","",""
"JAWA TIMUR","MALANG","SINGOSARI","BATURETNO","28.0","115.9","","",""
"JAWA TIMUR","MALANG","SINGOSARI","CANDIRENGGO","78.0","322.9","","",""
"JAWA TIMUR","MALANG","SINGOSARI","DENGKOL","62.0","256.7","","",""
"JAWA TIMUR","MALANG","SINGOSARI","GUNUNGREJO","118.0","488.5","","",""
"JAWA TIMUR","MALANG","SINGOSARI","KLAMPOK","121.0","500.9","","",""
"JAWA TIMUR","MALANG","SINGOSARI","LANGLANG","94.0","389.2","","",""
"JAWA TIMUR","MALANG","SINGOSARI","LOSARI","25.0","103.5","","",""
"JAWA TIMUR","MALANG","SINGOSARI","PAGENTAN","50.0","207.0","","",""
"JAWA TIMUR","MALANG","SINGOSARI","PURWOASRI","108.0","447.1","","",""
"JAWA TIMUR","MALANG","SINGOSARI","RANDUAGUNG","60.0","248.4","","",""
"JAWA TIMUR","MALANG","SINGOSARI","TAMANHARJO","65.0","269.1","","",""
"JAWA TIMUR","MALANG","SINGOSARI","TOYOMARTO","120.0","496.8","","",""
"JAWA TIMUR","MALANG","SINGOSARI","TUNJUNGTIRTO","147.0","608.6","","",""
"JAWA TIMUR","MALANG","SINGOSARI","WATUGEDE","105.0","434.7","","",""
"JAWA TIMUR","MALANG","SINGOSARI","WONOREJO","0","0","","",""
"JAWA TIMUR","MALANG","SUMBERMANJING WETAN","ARGOTIRTO","19.8","82.0","","",""
"JAWA TIMUR","MALANG","SUMBERMANJING WETAN","DRUJU","21.0","86.9","","",""
"JAWA TIMUR","MALANG","SUMBERMANJING WETAN","HARJOKUNCARAN","38.0","157.3","","",""
"JAWA TIMUR","MALANG","SUMBERMANJING WETAN","KEDUNGBANTENG","52.0","215.3","","",""
"JAWA TIMUR","MALANG","SUMBERMANJING WETAN","KLEPU","21.0","86.9","","",""
"JAWA TIMUR","MALANG","SUMBERMANJINGWETAN","RINGINKEMBAR","0","0","","",""
"JAWA TIMUR","MALANG","SUMBERMANJING WETAN","RINGINSARI","35.0","144.9","","",""
"JAWA TIMUR","MALANG","SUMBERMANJING WETAN","SEKARBANYU","10.0","41.4","","",""
"JAWA TIMUR","MALANG","SUMBERMANJING WETAN","SIDOASRI","315.0","1,304.1","","",""
"JAWA TIMUR","MALANG","SUMBERMANJING WETAN","SITIARJO","375.0","1,552.5","","",""
"JAWA TIMUR","MALANG","SUMBERMANJING WETAN","SUMBERAGUNG","33.0","136.6","","",""
"JAWA TIMUR","MALANG","SUMBERMANJING WETAN","SUMBERMANJING WETAN","0","0","","",""
"JAWA TIMUR","MALANG","SUMBERMANJING WETAN","TAMBAKREJO","79.0","327.1","","",""
"JAWA TIMUR","MALANG","SUMBERMANJING WETAN","TAMBAKSARI","0","0","","",""
"JAWA TIMUR","MALANG","SUMBERMANJING WETAN","TEGALREJO","3.0","12.4","","",""
"JAWA TIMUR","MALANG","SUMBERPUCUNG","JATIGUWI","250.0","1,035.0","","",""
"JAWA TIMUR","MALANG","SUMBERPUCUNG","KARANGKATES","166.0","687.2","","",""
"JAWA TIMUR","MALANG","SUMBERPUCUNG","NGEBRUK","188.0","778.3","","",""
"JAWA TIMUR","MALANG","SUMBERPUCUNG","SAMBIGEDE","193.0","799.0","","",""
"JAWA TIMUR","MALANG","SUMBERPUCUNG","SENGGRENG","311.0","1,287.5","","",""
"JAWA TIMUR","MALANG","SUMBERPUCUNG","SUMBERPUCUNG","277.0","1,146.8","","",""
"JAWA TIMUR","MALANG","SUMBERPUCUNG","TERNYANG","307.0","1,271.0","","",""
"JAWA TIMUR","MALANG","TAJINAN","GUNUNGRONGGO","136.0","563.0","","",""
"JAWA TIMUR","MALANG","TAJINAN","GUNUNGSARI","62.0","256.7","","",""
"JAWA TIMUR","MALANG","TAJINAN","JAMBEARJO","131.0","542.3","","",""
"JAWA TIMUR","MALANG","TAJINAN","JATISARI","90.0","372.6","","",""
"JAWA TIMUR","MALANG","TAJINAN","NGAWONGGO","144.0","596.2","","",""
"JAWA TIMUR","MALANG","TAJINAN","PANDANMULYO","215.2","890.9","","",""
"JAWA TIMUR","MALANG","TAJINAN","PURWOSEKAR","187.8","777.5","","",""
"JAWA TIMUR","MALANG","TAJINAN","RANDUGADING","129.0","534.1","","",""
"JAWA TIMUR","MALANG","TAJINAN","SUMBERSUKO","136.0","563.0","","",""
"JAWA TIMUR","MALANG","TAJINAN","TAJINAN","84.7","350.7","","",""
"JAWA TIMUR","MALANG","TAJINAN","TAMBAKSARI","122.0","505.1","","",""
"JAWA TIMUR","MALANG","TAJINAN","TANGKILSARI","150.3","622.2","","",""
"JAWA TIMUR","MALANG","TIRTOYUDO","AMPELGADING","5.0","20.7","","",""
"JAWA TIMUR","MALANG","TIRTOYUDO","GADUNGSARI","48.4","200.5","","",""
"JAWA TIMUR","MALANG","TIRTOYUDO","JOGOMULYAN","7.5","31.1","","",""
"JAWA TIMUR","MALANG","TIRTOYUDO","KEPATIHAN","5.0","20.7","","",""
"JAWA TIMUR","MALANG","TIRTOYUDO","PUJIHARJO","153.0","633.4","","",""
"JAWA TIMUR","MALANG","TIRTOYUDO","PURWODADI","54.0","223.6","","",""
"JAWA TIMUR","MALANG","TIRTOYUDO","SUKOREJO","5.0","20.7","","",""
"JAWA TIMUR","MALANG","TIRTOYUDO","SUMBERTANGKIL","6.0","24.8","","",""
"JAWA TIMUR","MALANG","TIRTOYUDO","TAMANKUNCARAN","152.0","629.3","","",""
"JAWA TIMUR","MALANG","TIRTOYUDO","TAMANSATRIAN","2.0","8.3","","",""
"JAWA TIMUR","MALANG","TIRTOYUDO","TIRTOYUDO","33.5","138.7","","",""
"JAWA TIMUR","MALANG","TIRTOYUDO","TLOGOSARI","9.0","37.3","","",""
"JAWA TIMUR","MALANG","TIRTOYUDO","WONOAGUNG","27.0","111.8","","",""
"JAWA TIMUR","MALANG","TUMPANG","BENJOR","0","0","","",""
"JAWA TIMUR","MALANG","TUMPANG","BOKOR","97.0","401.6","","",""
"JAWA TIMUR","MALANG","TUMPANG","DUWET KRAJAN","0","0","","",""
"JAWA TIMUR","MALANG","TUMPANG","DUWET","0","0","","",""
"JAWA TIMUR","MALANG","TUMPANG","JERU","127.0","525.8","","",""
"JAWA TIMUR","MALANG","TUMPANG","KAMBINGAN","67.0","277.4","","",""
"JAWA TIMUR","MALANG","TUMPANG","KIDAL","62.5","258.8","","",""
"JAWA TIMUR","MALANG","TUMPANG","MALANGSUKO","63.0","260.8","","",""
"JAWA TIMUR","MALANG","TUMPANG","NGINGIT","80.5","333.3","","",""
"JAWA TIMUR","MALANG","TUMPANG","PANDANAJENG","186.0","770.0","","",""
"JAWA TIMUR","MALANG","TUMPANG","PULUNGDOWO","363.0","1,502.8","","",""
"JAWA TIMUR","MALANG","TUMPANG","SLAMET","161.0","666.5","","",""
"JAWA TIMUR","MALANG","TUMPANG","TULUSBESAR","101.0","418.1","","",""
"JAWA TIMUR","MALANG","TUMPANG","TUMPANG","139.0","575.5","","",""
"JAWA TIMUR","MALANG","TUMPANG","WRINGINSONGO","104.0","430.6","","",""
"JAWA TIMUR","MALANG","TUREN","GEDOG KULON","114.0","472.0","","",""
"JAWA TIMUR","MALANG","TUREN","GEDOG WETAN","129.0","534.1","","",""
"JAWA TIMUR","MALANG","TUREN","JERU","120.0","496.8","","",""
"JAWA TIMUR","MALANG","TUREN","KEDOK","92.0","380.9","","",""
"JAWA TIMUR","MALANG","TUREN","KEMULAN","180.0","745.2","","",""
"JAWA TIMUR","MALANG","TUREN","PAGEDANGAN","150.0","621.0","","",""
"JAWA TIMUR","MALANG","TUREN","SANANKERTO","243.0","1,006.0","","",""
"JAWA TIMUR","MALANG","TUREN","SANANREJO","147.7","611.5","","",""
"JAWA TIMUR","MALANG","TUREN","SAWAHAN","257.0","1,064.0","","",""
"JAWA TIMUR","MALANG","TUREN","SEDAYU","81.0","335.3","","",""
"JAWA TIMUR","MALANG","TUREN","TALANGSUKO","194.0","803.2","","",""
"JAWA TIMUR","MALANG","TUREN","TALOK","160.0","662.4","","",""
"JAWA TIMUR","MALANG","TUREN","TANGGUNG","123.0","509.2","","",""
"JAWA TIMUR","MALANG","TUREN","TAWANGREJENI","181.0","749.3","","",""
"JAWA TIMUR","MALANG","TUREN","TUMPUKRENTENG","145.0","600.3","","",""
"JAWA TIMUR","MALANG","TUREN","TUREN","103.0","426.4","","",""
"JAWA TIMUR","MALANG","TUREN","UNDAAN","98.7","408.6","","",""
"JAWA TIMUR","MALANG","WAGIR","DALISODO","0","0","","",""
"JAWA TIMUR","MALANG","WAGIR","GONDOWANGI","137.0","567.2","","",""
"JAWA TIMUR","MALANG","WAGIR","JEDONG","70.0","289.8","","",""
"JAWA TIMUR","MALANG","WAGIR","MENDALANWANGI","147.6","611.1","","",""
"JAWA TIMUR","MALANG","WAGIR","PANDANLANDUNG","20.0","82.8","","",""
"JAWA TIMUR","MALANG","WAGIR","PANDANREJO","125.0","517.5","","",""
"JAWA TIMUR","MALANG","WAGIR","PARANGARGO","148.0","612.7","","",""
"JAWA TIMUR","MALANG","WAGIR","PETUNGSEWU","105.0","434.7","","",""
"JAWA TIMUR","MALANG","WAGIR","SIDORAHAYU","115.0","476.1","","",""
"JAWA TIMUR","MALANG","WAGIR","SITIREJO","160.0","662.4","","",""
"JAWA TIMUR","MALANG","WAGIR","SUKODADI","24.1","99.8","","",""
"JAWA TIMUR","MALANG","WAGIR","SUMBERSUKO","75.1","310.9","","",""
"JAWA TIMUR","MALANG","WAJAK","BAMBANG","0","0","","",""
"JAWA TIMUR","MALANG","WAJAK","BLAYU","147.0","608.6","","",""
"JAWA TIMUR","MALANG","WAJAK","BRINGIN","107.0","443.0","","",""
"JAWA TIMUR","MALANG","WAJAK","CODO","199.0","823.9","","",""
"JAWA TIMUR","MALANG","WAJAK","DADAPAN","153.0","633.4","","",""
"JAWA TIMUR","MALANG","WAJAK","KIDANGBANG","167.0","691.4","","",""
"JAWA TIMUR","MALANG","WAJAK","NGEMBAL","71.0","293.9","","",""
"JAWA TIMUR","MALANG","WAJAK","PATOKPICIS","130.0","538.2","","",""
"JAWA TIMUR","MALANG","WAJAK","SUKOANYAR","117.0","484.4","","",""
"JAWA TIMUR","MALANG","WAJAK","SUKOLILO","145.0","600.3","","",""
"JAWA TIMUR","MALANG","WAJAK","SUMBERPUTIH","60.0","248.4","","",""
"JAWA TIMUR","MALANG","WAJAK","WAJAK","207.0","857.0","","",""
"JAWA TIMUR","MALANG","WAJAK","WONOAYU","0","0","","",""
"JAWA TIMUR","MALANG","WONOSARI","BANGELAN","80.0","331.2","","",""
"JAWA TIMUR","MALANG","WONOSARI","KEBOBANG","105.5","436.8","","",""
"JAWA TIMUR","MALANG","WONOSARI","KLUWUT","227.0","939.8","","",""
"JAWA TIMUR","MALANG","WONOSARI","PLANDI","593.8","2,458.3","","",""
"JAWA TIMUR","MALANG","WONOSARI","PLAOSAN","221.2","915.8","","",""
"JAWA TIMUR","MALANG","WONOSARI","SUMBERDEM","30.4","125.9","","",""
"JAWA TIMUR","MALANG","WONOSARI","SUMBERTEMPUR","6.5","26.9","","",""
"JAWA TIMUR","MALANG","WONOSARI","WONOSARI","0","0","","",""
"JAWA TIMUR","MALANG","BULULAWANG","BAKALAN","138.7","574.0","","",""
"JAWA TIMUR","MALANG","BULULAWANG","BULULAWANG","87.0","360.2","","",""
"JAWA TIMUR","MALANG","BULULAWANG","GADING","60.0","248.4","","",""
"JAWA TIMUR","MALANG","BULULAWANG","KASEMBON","168.0","695.5","","",""
"JAWA TIMUR","MALANG","BULULAWANG","KASRI","105.0","434.7","","",""
"JAWA TIMUR","MALANG","BULULAWANG","KREBET","176.0","728.6","","",""
"JAWA TIMUR","MALANG","BULULAWANG","KREBET SENGGRONG","96.5","399.5","","",""
"JAWA TIMUR","MALANG","BULULAWANG","KUWOLU","136.0","563.0","","",""
"JAWA TIMUR","MALANG","BULULAWANG","LUMBANGSARI","151.0","625.1","","",""
"JAWA TIMUR","MALANG","BULULAWANG","PRINGU","176.0","728.6","","",""
"JAWA TIMUR","MALANG","BULULAWANG","SEMPALWADAK","77.1","319.1","","",""
"JAWA TIMUR","MALANG","BULULAWANG","SUKOMORO","117.5","486.5","","",""
"JAWA TIMUR","MALANG","BULULAWANG","SUKONOLO","232.0","960.5","","",""
"JAWA TIMUR","MALANG","BULULAWANG","WANDANPURO","129.4","535.6","","",""
"JAWA TIMUR","MALANG","DONOMULYO","TULUNGREJO","295.0","1,221.3","","",""
"","","","","","","","",""
